Time,Row Labels,Trips
6,1,2265
6,100,44
6,101,127
6,102,172
6,103,97
6,104,34
6,105,70
6,106,154
6,107,195
6,108,74
6,109,34
6,110,112
6,111,97
6,112,170
6,113,205
6,114,96
6,115,28
6,116,133
6,117,159
6,118,21
6,119,6
6,12,4
6,120,86
6,121,103
6,122,113
6,123,56
6,124,104
6,125,257
6,126,208
6,127,125
6,128,21
6,129,29
6,13,1
6,130,185
6,132,68
6,133,60
6,134,91
6,135,241
6,136,243
6,137,88
6,138,102
6,139,28
6,14,2
6,140,309
6,141,96
6,142,29
6,143,194
6,144,281
6,145,166
6,146,92
6,147,29
6,148,6
6,149,2
6,15,10
6,150,5
6,151,169
6,152,242
6,153,207
6,154,275
6,155,257
6,156,175
6,157,40
6,158,43
6,159,1
6,16,14
6,160,0
6,161,130
6,162,294
6,163,317
6,164,133
6,165,12
6,166,105
6,167,77
6,168,57
6,169,34
6,170,254
6,171,49
6,172,159
6,173,130
6,174,195
6,175,2
6,176,2
6,177,56
6,178,115
6,179,62
6,180,79
6,182,69
6,183,86
6,184,103
6,185,19
6,186,15
6,187,52
6,188,56
6,189,66
6,190,397
6,193,41
6,194,112
6,195,105
6,196,35
6,197,141
6,198,39
6,199,203
6,2,121
6,200,162
6,204,129
6,205,69
6,206,53
6,207,106
6,208,50
6,209,58
6,210,235
6,215,148
6,216,137
6,217,135
6,218,61
6,219,18
6,22,3
6,220,52
6,225,286
6,226,77
6,227,28
6,228,3
6,229,28
6,23,0
6,230,385
6,236,37
6,237,44
6,238,6
6,239,1
6,24,19
6,240,187
6,246,131
6,247,1100
6,248,90
6,249,75
6,25,3
6,250,3626
6,26,54
6,3,12
6,32,124
6,33,1
6,34,0
6,35,4
6,36,37
6,37,25
6,38,269
6,4,10
6,42,32
6,43,61
6,44,29
6,45,64
6,46,149
6,47,43
6,48,10164
6,5,136
6,52,32
6,53,33
6,54,138
6,55,64
6,56,52
6,57,87
6,58,138
6,59,941
6,6,3318
6,62,5
6,63,106
6,64,65
6,65,93
6,66,116
6,67,114
6,68,201
6,72,10
6,73,74
6,74,39
6,75,48
6,76,102
6,77,68
6,78,165
6,79,141
6,80,2095
6,81,10
6,82,103
6,83,86
6,84,1
6,85,39
6,86,17
6,87,141
6,88,125
6,89,19
6,90,85
6,92,118
6,93,115
6,94,90
6,95,2
6,96,66
6,97,91
6,98,79
6,99,8
7,1,2630
7,100,187
7,101,243
7,102,356
7,103,289
7,104,200
7,105,185
7,106,448
7,107,421
7,108,239
7,109,124
7,110,327
7,111,206
7,112,388
7,113,553
7,114,250
7,115,109
7,116,291
7,117,376
7,118,90
7,119,43
7,12,2
7,120,189
7,121,222
7,122,321
7,123,191
7,124,365
7,125,621
7,126,460
7,127,268
7,128,173
7,129,137
7,13,5
7,130,592
7,132,283
7,133,140
7,134,404
7,135,751
7,136,519
7,137,344
7,138,332
7,139,148
7,14,1
7,140,757
7,141,374
7,142,126
7,143,510
7,144,733
7,145,437
7,146,333
7,147,162
7,148,50
7,149,5
7,15,43
7,150,69
7,151,327
7,152,615
7,153,535
7,154,597
7,155,572
7,156,417
7,157,159
7,158,148
7,159,9
7,16,13
7,160,3
7,161,272
7,162,510
7,163,566
7,164,292
7,165,28
7,166,316
7,167,200
7,168,270
7,169,120
7,170,610
7,171,49
7,172,321
7,173,295
7,174,466
7,175,15
7,176,16
7,177,143
7,178,297
7,179,231
7,180,237
7,182,183
7,183,250
7,184,276
7,185,41
7,186,64
7,187,115
7,188,139
7,189,176
7,190,899
7,193,144
7,194,238
7,195,228
7,196,104
7,197,275
7,198,88
7,199,593
7,2,209
7,200,402
7,204,322
7,205,209
7,206,116
7,207,226
7,208,55
7,209,193
7,210,595
7,215,283
7,216,217
7,217,238
7,218,146
7,219,71
7,22,4
7,220,196
7,225,489
7,226,232
7,227,87
7,228,15
7,229,58
7,23,0
7,230,875
7,236,102
7,237,139
7,238,9
7,239,2
7,24,46
7,240,419
7,246,356
7,247,2120
7,248,148
7,249,100
7,25,5
7,250,5467
7,26,131
7,3,12
7,32,308
7,33,2
7,34,1
7,35,32
7,36,84
7,37,62
7,38,509
7,4,15
7,42,59
7,43,84
7,44,108
7,45,117
7,46,381
7,47,103
7,48,12575
7,5,195
7,52,73
7,53,92
7,54,416
7,55,164
7,56,198
7,57,225
7,58,390
7,59,1970
7,6,4655
7,62,16
7,63,243
7,64,283
7,65,331
7,66,276
7,67,319
7,68,497
7,72,44
7,73,226
7,74,84
7,75,73
7,76,303
7,77,232
7,78,362
7,79,276
7,80,4317
7,81,31
7,82,185
7,83,212
7,84,13
7,85,73
7,86,101
7,87,378
7,88,236
7,89,58
7,90,250
7,92,225
7,93,198
7,94,201
7,95,32
7,96,194
7,97,292
7,98,253
7,99,65
8,1,2197
8,100,317
8,101,315
8,102,432
8,103,560
8,104,318
8,105,289
8,106,591
8,107,600
8,108,370
8,109,185
8,110,385
8,111,358
8,112,417
8,113,697
8,114,381
8,115,175
8,116,448
8,117,551
8,118,155
8,119,74
8,12,3
8,120,228
8,121,276
8,122,359
8,123,307
8,124,562
8,125,919
8,126,656
8,127,368
8,128,223
8,129,194
8,13,5
8,130,636
8,132,316
8,133,177
8,134,632
8,135,1120
8,136,895
8,137,568
8,138,444
8,139,234
8,14,4
8,140,928
8,141,389
8,142,131
8,143,862
8,144,967
8,145,658
8,146,512
8,147,205
8,148,66
8,149,10
8,15,17
8,150,74
8,151,408
8,152,775
8,153,700
8,154,771
8,155,767
8,156,729
8,157,300
8,158,201
8,159,11
8,16,38
8,160,6
8,161,347
8,162,596
8,163,764
8,164,453
8,165,52
8,166,459
8,167,314
8,168,426
8,169,153
8,170,763
8,171,69
8,172,397
8,173,369
8,174,627
8,175,23
8,176,18
8,177,214
8,178,505
8,179,269
8,180,327
8,182,359
8,183,231
8,184,349
8,185,70
8,186,115
8,187,167
8,188,265
8,189,206
8,190,940
8,193,255
8,194,332
8,195,281
8,196,170
8,197,360
8,198,164
8,199,770
8,2,192
8,200,455
8,204,522
8,205,278
8,206,123
8,207,232
8,208,87
8,209,237
8,210,734
8,215,325
8,216,253
8,217,334
8,218,141
8,219,96
8,22,6
8,220,194
8,225,671
8,226,374
8,227,199
8,228,9
8,229,65
8,23,2
8,230,750
8,236,162
8,237,191
8,238,30
8,239,3
8,24,36
8,240,396
8,246,485
8,247,2185
8,248,113
8,249,76
8,25,41
8,250,5604
8,26,206
8,3,17
8,32,325
8,33,2
8,34,3
8,35,28
8,36,119
8,37,67
8,38,377
8,4,25
8,42,83
8,43,146
8,44,120
8,45,210
8,46,608
8,47,169
8,48,11776
8,5,313
8,52,175
8,53,130
8,54,566
8,55,158
8,56,308
8,57,265
8,58,741
8,59,2028
8,6,3697
8,62,68
8,63,299
8,64,274
8,65,494
8,66,403
8,67,515
8,68,710
8,72,85
8,73,324
8,74,125
8,75,134
8,76,397
8,77,318
8,78,456
8,79,305
8,80,4487
8,81,43
8,82,221
8,83,334
8,84,20
8,85,127
8,86,62
8,87,497
8,88,234
8,89,114
8,90,382
8,92,263
8,93,240
8,94,398
8,95,64
8,96,261
8,97,392
8,98,331
8,99,100
9,1,1713
9,100,273
9,101,341
9,102,398
9,103,682
9,104,334
9,105,278
9,106,621
9,107,595
9,108,371
9,109,180
9,110,377
9,111,357
9,112,425
9,113,561
9,114,359
9,115,180
9,116,508
9,117,538
9,118,186
9,119,64
9,12,8
9,120,259
9,121,305
9,122,319
9,123,346
9,124,524
9,125,954
9,126,642
9,127,332
9,128,174
9,129,132
9,13,5
9,130,625
9,132,346
9,133,156
9,134,626
9,135,1233
9,136,975
9,137,632
9,138,456
9,139,207
9,14,6
9,140,808
9,141,410
9,142,164
9,143,783
9,144,1219
9,145,762
9,146,493
9,147,184
9,148,85
9,149,5
9,15,34
9,150,57
9,151,421
9,152,772
9,153,719
9,154,829
9,155,997
9,156,783
9,157,295
9,158,214
9,159,10
9,16,23
9,160,2
9,161,387
9,162,752
9,163,918
9,164,451
9,165,43
9,166,420
9,167,343
9,168,410
9,169,127
9,170,732
9,171,48
9,172,427
9,173,388
9,174,738
9,175,21
9,176,22
9,177,232
9,178,558
9,179,250
9,180,298
9,182,343
9,183,261
9,184,378
9,185,93
9,186,166
9,187,167
9,188,243
9,189,171
9,190,791
9,193,280
9,194,355
9,195,289
9,196,127
9,197,351
9,198,106
9,199,538
9,2,174
9,200,435
9,204,552
9,205,302
9,206,125
9,207,227
9,208,81
9,209,208
9,210,533
9,215,385
9,216,288
9,217,426
9,218,141
9,219,78
9,22,12
9,220,159
9,225,628
9,226,442
9,227,263
9,228,14
9,229,53
9,23,0
9,230,577
9,236,175
9,237,193
9,238,28
9,239,3
9,24,23
9,240,316
9,246,406
9,247,1915
9,248,110
9,249,78
9,25,39
9,250,5165
9,26,171
9,3,8
9,32,281
9,33,7
9,34,5
9,35,24
9,36,112
9,37,62
9,38,267
9,4,28
9,42,75
9,43,142
9,44,100
9,45,192
9,46,675
9,47,152
9,48,9657
9,5,280
9,52,153
9,53,205
9,54,535
9,55,190
9,56,304
9,57,272
9,58,680
9,59,1712
9,6,2802
9,62,53
9,63,332
9,64,280
9,65,523
9,66,392
9,67,520
9,68,724
9,72,69
9,73,300
9,74,138
9,75,132
9,76,429
9,77,246
9,78,481
9,79,336
9,80,3874
9,81,41
9,82,201
9,83,326
9,84,17
9,85,108
9,86,63
9,87,429
9,88,234
9,89,89
9,90,284
9,92,294
9,93,257
9,94,399
9,95,81
9,96,265
9,97,399
9,98,345
9,99,77
10,1,1538
10,100,280
10,101,378
10,102,458
10,103,816
10,104,344
10,105,342
10,106,688
10,107,812
10,108,476
10,109,214
10,110,372
10,111,428
10,112,489
10,113,582
10,114,439
10,115,194
10,116,562
10,117,685
10,118,188
10,119,72
10,12,7
10,120,334
10,121,338
10,122,383
10,123,412
10,124,536
10,125,992
10,126,744
10,127,378
10,128,194
10,129,157
10,13,6
10,130,600
10,132,428
10,133,246
10,134,705
10,135,1515
10,136,1256
10,137,735
10,138,557
10,139,222
10,14,4
10,140,698
10,141,494
10,142,195
10,143,938
10,144,1236
10,145,872
10,146,510
10,147,240
10,148,80
10,149,12
10,15,23
10,150,62
10,151,494
10,152,870
10,153,825
10,154,995
10,155,1106
10,156,931
10,157,359
10,158,231
10,159,10
10,16,72
10,160,12
10,161,512
10,162,942
10,163,1049
10,164,519
10,165,57
10,166,504
10,167,379
10,168,382
10,169,157
10,170,668
10,171,55
10,172,496
10,173,410
10,174,922
10,175,19
10,176,24
10,177,258
10,178,638
10,179,244
10,180,340
10,182,390
10,183,323
10,184,395
10,185,83
10,186,129
10,187,175
10,188,241
10,189,194
10,190,894
10,193,293
10,194,375
10,195,342
10,196,148
10,197,396
10,198,121
10,199,539
10,2,159
10,200,421
10,204,623
10,205,285
10,206,169
10,207,215
10,208,77
10,209,210
10,210,534
10,215,408
10,216,341
10,217,446
10,218,154
10,219,86
10,22,11
10,220,180
10,225,634
10,226,638
10,227,349
10,228,11
10,229,61
10,23,2
10,230,512
10,236,194
10,237,216
10,238,25
10,239,5
10,24,22
10,240,307
10,246,450
10,247,1942
10,248,91
10,249,101
10,25,64
10,250,5071
10,26,146
10,3,10
10,32,301
10,33,3
10,34,2
10,35,33
10,36,130
10,37,43
10,38,266
10,4,24
10,42,105
10,43,153
10,44,105
10,45,216
10,46,758
10,47,150
10,48,8346
10,5,495
10,52,213
10,53,167
10,54,483
10,55,157
10,56,273
10,57,264
10,58,688
10,59,1642
10,6,2522
10,62,48
10,63,313
10,64,306
10,65,608
10,66,524
10,67,553
10,68,788
10,72,60
10,73,357
10,74,117
10,75,145
10,76,463
10,77,275
10,78,478
10,79,374
10,80,3638
10,81,57
10,82,263
10,83,355
10,84,26
10,85,111
10,86,100
10,87,464
10,88,274
10,89,89
10,90,300
10,92,337
10,93,292
10,94,394
10,95,92
10,96,325
10,97,419
10,98,430
10,99,140
11,1,1563
11,100,331
11,101,459
11,102,544
11,103,1006
11,104,442
11,105,380
11,106,856
11,107,924
11,108,519
11,109,247
11,110,441
11,111,467
11,112,501
11,113,624
11,114,459
11,115,223
11,116,676
11,117,791
11,118,235
11,119,62
11,12,14
11,120,333
11,121,446
11,122,448
11,123,502
11,124,579
11,125,1182
11,126,899
11,127,429
11,128,255
11,129,174
11,13,7
11,130,653
11,132,454
11,133,272
11,134,788
11,135,1829
11,136,1459
11,137,831
11,138,671
11,139,319
11,14,5
11,140,736
11,141,500
11,142,190
11,143,1042
11,144,1544
11,145,1024
11,146,659
11,147,249
11,148,85
11,149,14
11,15,26
11,150,56
11,151,557
11,152,1053
11,153,938
11,154,1074
11,155,1285
11,156,1188
11,157,387
11,158,290
11,159,26
11,16,71
11,160,4
11,161,596
11,162,1120
11,163,1078
11,164,631
11,165,64
11,166,569
11,167,370
11,168,426
11,169,179
11,170,716
11,171,74
11,172,544
11,173,545
11,174,1068
11,175,20
11,176,26
11,177,300
11,178,762
11,179,239
11,180,343
11,182,470
11,183,371
11,184,522
11,185,102
11,186,130
11,187,203
11,188,274
11,189,253
11,190,949
11,193,373
11,194,435
11,195,355
11,196,179
11,197,471
11,198,113
11,199,590
11,2,185
11,200,524
11,204,695
11,205,347
11,206,184
11,207,283
11,208,98
11,209,218
11,210,572
11,215,470
11,216,374
11,217,665
11,218,169
11,219,125
11,22,10
11,220,180
11,225,810
11,226,838
11,227,430
11,228,16
11,229,97
11,23,1
11,230,597
11,236,222
11,237,280
11,238,31
11,239,4
11,24,26
11,240,380
11,246,632
11,247,1986
11,248,122
11,249,120
11,25,73
11,250,5166
11,26,144
11,3,18
11,32,270
11,33,14
11,34,6
11,35,43
11,36,129
11,37,60
11,38,291
11,4,32
11,42,85
11,43,163
11,44,134
11,45,198
11,46,865
11,47,186
11,48,8159
11,5,470
11,52,258
11,53,201
11,54,551
11,55,171
11,56,280
11,57,340
11,58,790
11,59,1709
11,6,2331
11,62,43
11,63,380
11,64,335
11,65,817
11,66,678
11,67,666
11,68,1005
11,72,89
11,73,385
11,74,151
11,75,176
11,76,491
11,77,291
11,78,552
11,79,437
11,80,4067
11,81,102
11,82,229
11,83,362
11,84,36
11,85,150
11,86,83
11,87,496
11,88,330
11,89,111
11,90,388
11,92,362
11,93,312
11,94,417
11,95,108
11,96,376
11,97,529
11,98,495
11,99,147
12,1,1674
12,100,357
12,101,549
12,102,598
12,103,1508
12,104,557
12,105,336
12,106,1130
12,107,1176
12,108,689
12,109,273
12,110,463
12,111,523
12,112,679
12,113,747
12,114,602
12,115,236
12,116,790
12,117,968
12,118,223
12,119,97
12,12,13
12,120,444
12,121,452
12,122,494
12,123,579
12,124,698
12,125,1353
12,126,1112
12,127,498
12,128,299
12,129,164
12,13,9
12,130,763
12,132,531
12,133,345
12,134,877
12,135,2295
12,136,1785
12,137,933
12,138,769
12,139,347
12,14,6
12,140,766
12,141,633
12,142,204
12,143,1171
12,144,1823
12,145,1366
12,146,692
12,147,259
12,148,73
12,149,16
12,15,25
12,150,69
12,151,621
12,152,1113
12,153,1026
12,154,1386
12,155,1557
12,156,1471
12,157,460
12,158,274
12,159,16
12,16,55
12,160,3
12,161,623
12,162,1281
12,163,1440
12,164,673
12,165,67
12,166,688
12,167,426
12,168,496
12,169,200
12,170,736
12,171,57
12,172,614
12,173,616
12,174,1567
12,175,25
12,176,29
12,177,378
12,178,1011
12,179,350
12,180,466
12,182,554
12,183,469
12,184,620
12,185,123
12,186,155
12,187,205
12,188,344
12,189,299
12,190,1049
12,193,408
12,194,524
12,195,471
12,196,190
12,197,586
12,198,149
12,199,640
12,2,213
12,200,589
12,204,883
12,205,403
12,206,229
12,207,327
12,208,120
12,209,244
12,210,632
12,215,545
12,216,491
12,217,856
12,218,214
12,219,133
12,22,10
12,220,217
12,225,916
12,226,1083
12,227,626
12,228,22
12,229,87
12,23,0
12,230,600
12,236,214
12,237,343
12,238,30
12,239,5
12,24,43
12,240,354
12,246,769
12,247,2162
12,248,133
12,249,131
12,25,81
12,250,5680
12,26,171
12,3,17
12,32,299
12,33,6
12,34,7
12,35,60
12,36,122
12,37,67
12,38,317
12,4,20
12,42,121
12,43,202
12,44,119
12,45,275
12,46,998
12,47,172
12,48,8163
12,5,334
12,52,288
12,53,225
12,54,587
12,55,200
12,56,350
12,57,396
12,58,1040
12,59,1840
12,6,2428
12,62,79
12,63,416
12,64,445
12,65,982
12,66,908
12,67,830
12,68,1131
12,72,104
12,73,457
12,74,213
12,75,208
12,76,620
12,77,366
12,78,623
12,79,550
12,80,4631
12,81,87
12,82,343
12,83,423
12,84,34
12,85,127
12,86,127
12,87,644
12,88,384
12,89,122
12,90,435
12,92,449
12,93,400
12,94,478
12,95,101
12,96,372
12,97,688
12,98,618
12,99,150
13,1,1716
13,100,432
13,101,526
13,102,648
13,103,1421
13,104,552
13,105,408
13,106,1249
13,107,1299
13,108,789
13,109,275
13,110,581
13,111,625
13,112,676
13,113,833
13,114,623
13,115,261
13,116,829
13,117,1027
13,118,254
13,119,110
13,12,15
13,120,401
13,121,484
13,122,587
13,123,607
13,124,746
13,125,1466
13,126,1269
13,127,507
13,128,306
13,129,229
13,13,14
13,130,788
13,132,519
13,133,349
13,134,938
13,135,2376
13,136,1954
13,137,942
13,138,768
13,139,388
13,14,8
13,140,885
13,141,648
13,142,220
13,143,1235
13,144,1935
13,145,1338
13,146,738
13,147,299
13,148,90
13,149,15
13,15,30
13,150,88
13,151,690
13,152,1239
13,153,1087
13,154,1325
13,155,1714
13,156,1685
13,157,502
13,158,351
13,159,16
13,16,59
13,160,4
13,161,632
13,162,1348
13,163,1427
13,164,788
13,165,80
13,166,788
13,167,521
13,168,498
13,169,189
13,170,781
13,171,86
13,172,676
13,173,634
13,174,1672
13,175,32
13,176,65
13,177,398
13,178,1087
13,179,405
13,180,495
13,182,578
13,183,496
13,184,650
13,185,126
13,186,169
13,187,263
13,188,360
13,189,295
13,190,1224
13,193,406
13,194,511
13,195,506
13,196,195
13,197,531
13,198,143
13,199,676
13,2,187
13,200,706
13,204,855
13,205,472
13,206,236
13,207,357
13,208,114
13,209,275
13,210,667
13,215,550
13,216,490
13,217,908
13,218,197
13,219,111
13,22,9
13,220,193
13,225,954
13,226,1166
13,227,604
13,228,15
13,229,103
13,23,1
13,230,688
13,236,226
13,237,346
13,238,25
13,239,8
13,24,32
13,240,411
13,246,746
13,247,2281
13,248,167
13,249,173
13,25,77
13,250,6011
13,26,169
13,3,9
13,32,350
13,33,10
13,34,7
13,35,34
13,36,180
13,37,82
13,38,301
13,4,20
13,42,124
13,43,212
13,44,140
13,45,283
13,46,987
13,47,190
13,48,8023
13,5,309
13,52,269
13,53,195
13,54,619
13,55,220
13,56,354
13,57,407
13,58,1061
13,59,1923
13,6,2365
13,62,72
13,63,413
13,64,418
13,65,1050
13,66,901
13,67,737
13,68,1157
13,72,117
13,73,505
13,74,198
13,75,201
13,76,687
13,77,401
13,78,631
13,79,549
13,80,4922
13,81,120
13,82,320
13,83,437
13,84,20
13,85,161
13,86,114
13,87,696
13,88,406
13,89,143
13,90,503
13,92,517
13,93,393
13,94,570
13,95,110
13,96,415
13,97,755
13,98,581
13,99,170
14,1,1554
14,100,362
14,101,553
14,102,690
14,103,1284
14,104,549
14,105,411
14,106,1143
14,107,1262
14,108,781
14,109,294
14,110,526
14,111,572
14,112,646
14,113,827
14,114,657
14,115,219
14,116,762
14,117,1004
14,118,273
14,119,103
14,12,29
14,120,461
14,121,495
14,122,566
14,123,592
14,124,663
14,125,1488
14,126,1272
14,127,479
14,128,261
14,129,204
14,13,7
14,130,770
14,132,544
14,133,329
14,134,883
14,135,2321
14,136,1861
14,137,933
14,138,746
14,139,378
14,14,6
14,140,869
14,141,619
14,142,213
14,143,1237
14,144,1921
14,145,1389
14,146,756
14,147,267
14,148,101
14,149,9
14,15,21
14,150,99
14,151,675
14,152,1077
14,153,992
14,154,1355
14,155,1697
14,156,1738
14,157,442
14,158,316
14,159,28
14,16,50
14,160,10
14,161,616
14,162,1335
14,163,1428
14,164,772
14,165,80
14,166,824
14,167,533
14,168,544
14,169,202
14,170,762
14,171,74
14,172,612
14,173,627
14,174,1586
14,175,40
14,176,38
14,177,362
14,178,1043
14,179,417
14,180,465
14,182,529
14,183,454
14,184,646
14,185,134
14,186,163
14,187,286
14,188,354
14,189,365
14,190,1141
14,193,410
14,194,538
14,195,441
14,196,215
14,197,611
14,198,149
14,199,741
14,2,180
14,200,721
14,204,940
14,205,459
14,206,177
14,207,381
14,208,105
14,209,335
14,210,698
14,215,592
14,216,509
14,217,864
14,218,222
14,219,122
14,22,17
14,220,202
14,225,1001
14,226,1163
14,227,603
14,228,14
14,229,112
14,23,0
14,230,653
14,236,255
14,237,418
14,238,32
14,239,4
14,24,52
14,240,382
14,246,758
14,247,2125
14,248,157
14,249,174
14,25,61
14,250,5917
14,26,190
14,3,14
14,32,347
14,33,10
14,34,8
14,35,48
14,36,185
14,37,87
14,38,273
14,4,29
14,42,144
14,43,195
14,44,151
14,45,275
14,46,980
14,47,246
14,48,7563
14,5,348
14,52,339
14,53,230
14,54,647
14,55,192
14,56,375
14,57,328
14,58,983
14,59,1922
14,6,2280
14,62,72
14,63,385
14,64,387
14,65,895
14,66,779
14,67,644
14,68,1103
14,72,112
14,73,491
14,74,194
14,75,197
14,76,659
14,77,368
14,78,635
14,79,488
14,80,5027
14,81,132
14,82,333
14,83,426
14,84,18
14,85,151
14,86,128
14,87,677
14,88,388
14,89,128
14,90,469
14,92,534
14,93,367
14,94,483
14,95,114
14,96,420
14,97,685
14,98,658
14,99,154
15,1,1586
15,100,398
15,101,574
15,102,739
15,103,1358
15,104,634
15,105,424
15,106,1151
15,107,1335
15,108,674
15,109,300
15,110,632
15,111,647
15,112,678
15,113,846
15,114,681
15,115,246
15,116,810
15,117,1061
15,118,305
15,119,93
15,12,13
15,120,443
15,121,484
15,122,627
15,123,572
15,124,742
15,125,1464
15,126,1241
15,127,544
15,128,327
15,129,199
15,13,17
15,130,855
15,132,581
15,133,339
15,134,887
15,135,2391
15,136,1972
15,137,885
15,138,799
15,139,416
15,14,3
15,140,852
15,141,654
15,142,222
15,143,1281
15,144,2085
15,145,1483
15,146,804
15,147,267
15,148,104
15,149,18
15,15,23
15,150,90
15,151,714
15,152,1028
15,153,996
15,154,1360
15,155,1836
15,156,1673
15,157,458
15,158,380
15,159,29
15,16,86
15,160,13
15,161,699
15,162,1280
15,163,1373
15,164,797
15,165,112
15,166,884
15,167,544
15,168,612
15,169,218
15,170,748
15,171,103
15,172,681
15,173,629
15,174,1544
15,175,46
15,176,50
15,177,377
15,178,1036
15,179,385
15,180,464
15,182,606
15,183,469
15,184,650
15,185,120
15,186,181
15,187,293
15,188,371
15,189,342
15,190,1178
15,193,380
15,194,523
15,195,469
15,196,213
15,197,613
15,198,174
15,199,822
15,2,188
15,200,697
15,204,989
15,205,442
15,206,238
15,207,416
15,208,95
15,209,321
15,210,667
15,215,627
15,216,487
15,217,861
15,218,245
15,219,121
15,22,20
15,220,257
15,225,1029
15,226,1073
15,227,572
15,228,21
15,229,79
15,23,0
15,230,705
15,236,230
15,237,382
15,238,23
15,239,7
15,24,22
15,240,424
15,246,736
15,247,2142
15,248,172
15,249,166
15,25,39
15,250,6095
15,26,224
15,3,12
15,32,367
15,33,9
15,34,11
15,35,41
15,36,163
15,37,72
15,38,311
15,4,31
15,42,106
15,43,208
15,44,118
15,45,329
15,46,1015
15,47,221
15,48,7210
15,5,366
15,52,314
15,53,215
15,54,665
15,55,183
15,56,362
15,57,342
15,58,970
15,59,2065
15,6,2348
15,62,72
15,63,414
15,64,440
15,65,891
15,66,744
15,67,675
15,68,1128
15,72,118
15,73,503
15,74,181
15,75,231
15,76,637
15,77,386
15,78,621
15,79,546
15,80,5416
15,81,166
15,82,356
15,83,472
15,84,26
15,85,165
15,86,105
15,87,701
15,88,409
15,89,154
15,90,530
15,92,615
15,93,374
15,94,542
15,95,125
15,96,443
15,97,709
15,98,686
16,1,1895
16,100,327
16,101,584
16,102,750
16,103,1523
16,104,611
16,105,404
16,106,1220
16,107,1320
16,108,863
16,109,317
16,110,487
16,111,554
16,112,700
16,113,917
16,114,642
16,115,236
16,116,834
16,117,1052
16,118,261
16,119,104
16,12,11
16,120,433
16,121,454
16,122,559
16,123,576
16,124,733
16,125,1565
16,126,1228
16,127,531
16,128,319
16,129,222
16,13,12
16,130,810
16,132,516
16,133,308
16,134,825
16,135,2345
16,136,1888
16,137,842
16,138,848
16,139,403
16,14,9
16,140,879
16,141,684
16,142,173
16,143,1255
16,144,2141
16,145,1489
16,146,820
16,147,284
16,148,120
16,149,18
16,15,27
16,150,76
16,151,635
16,152,1136
16,153,1129
16,154,1525
16,155,1978
16,156,1885
16,157,498
16,158,397
16,159,19
16,16,96
16,160,11
16,161,708
16,162,1368
16,163,1435
16,164,781
16,165,123
16,166,910
16,167,579
16,168,646
16,169,207
16,170,768
16,171,109
16,172,654
16,173,644
16,174,1665
16,175,57
16,176,71
16,177,342
16,178,1080
16,179,418
16,180,522
16,182,546
16,183,486
16,184,652
16,185,98
16,186,132
16,187,310
16,188,415
16,189,323
16,190,1122
16,193,424
16,194,584
16,195,434
16,196,197
16,197,657
16,198,191
16,199,1007
16,2,203
16,200,721
16,204,972
16,205,463
16,206,224
16,207,424
16,208,161
16,209,332
16,210,673
16,215,581
16,216,491
16,217,942
16,218,228
16,219,127
16,22,23
16,220,246
16,225,941
16,226,1091
16,227,611
16,228,26
16,229,95
16,23,1
16,230,677
16,236,243
16,237,380
16,238,35
16,239,8
16,24,59
16,240,447
16,246,706
16,247,2146
16,248,204
16,249,155
16,25,43
16,250,5431
16,26,256
16,3,13
16,32,318
16,33,3
16,34,9
16,35,40
16,36,184
16,37,113
16,38,345
16,4,33
16,42,118
16,43,226
16,44,123
16,45,291
16,46,1167
16,47,249
16,48,7434
16,5,382
16,52,314
16,53,196
16,54,658
16,55,215
16,56,441
16,57,359
16,58,1118
16,59,2195
16,6,2453
16,62,74
16,63,370
16,64,447
16,65,954
16,66,866
16,67,590
16,68,1222
16,72,109
16,73,463
16,74,200
16,75,196
16,76,586
16,77,360
16,78,739
16,79,568
16,80,5414
16,81,168
16,82,354
16,83,494
16,84,22
16,85,184
16,86,130
16,87,759
16,88,425
16,89,167
16,90,532
16,92,635
16,93,427
16,94,543
16,95,112
16,96,472
16,97,725
16,98,632
16,99,159
17,1,1958
17,100,272
17,101,669
17,102,833
17,103,1815
17,104,529
17,105,388
17,106,1265
17,107,1474
17,108,815
17,109,262
17,110,376
17,111,477
17,112,761
17,113,958
17,114,582
17,115,231
17,116,833
17,117,1040
17,118,259
17,119,72
17,12,5
17,120,446
17,121,454
17,122,543
17,123,520
17,124,748
17,125,1896
17,126,1311
17,127,440
17,128,296
17,129,208
17,13,14
17,130,702
17,132,461
17,133,257
17,134,983
17,135,3073
17,136,2221
17,137,917
17,138,794
17,139,339
17,14,6
17,140,776
17,141,685
17,142,163
17,143,1413
17,144,2438
17,145,1601
17,146,801
17,147,293
17,148,82
17,149,15
17,15,34
17,150,74
17,151,667
17,152,1076
17,153,1238
17,154,1686
17,155,2128
17,156,2181
17,157,490
17,158,312
17,159,14
17,16,126
17,160,8
17,161,721
17,162,1328
17,163,1588
17,164,830
17,165,80
17,166,821
17,167,604
17,168,580
17,169,195
17,170,751
17,171,38
17,172,599
17,173,660
17,174,1907
17,175,31
17,176,45
17,177,411
17,178,1189
17,179,463
17,180,468
17,182,560
17,183,479
17,184,609
17,185,90
17,186,105
17,187,276
17,188,466
17,189,355
17,190,1081
17,193,340
17,194,448
17,195,423
17,196,183
17,197,627
17,198,268
17,199,1038
17,2,189
17,200,731
17,204,893
17,205,381
17,206,242
17,207,455
17,208,153
17,209,352
17,210,510
17,215,537
17,216,484
17,217,1021
17,218,257
17,219,130
17,22,13
17,220,201
17,225,841
17,226,1139
17,227,687
17,228,21
17,229,72
17,23,0
17,230,587
17,236,205
17,237,405
17,238,31
17,239,7
17,24,41
17,240,342
17,246,739
17,247,1831
17,248,116
17,249,118
17,25,29
17,250,4237
17,26,236
17,3,9
17,32,286
17,33,1
17,34,6
17,35,12
17,36,165
17,37,95
17,38,327
17,4,20
17,42,81
17,43,183
17,44,106
17,45,238
17,46,1074
17,47,194
17,48,6491
17,5,594
17,52,178
17,53,161
17,54,569
17,55,219
17,56,318
17,57,408
17,58,1057
17,59,1842
17,6,2287
17,62,60
17,63,411
17,64,424
17,65,1054
17,66,950
17,67,615
17,68,1099
17,72,71
17,73,411
17,74,146
17,75,171
17,76,608
17,77,395
17,78,681
17,79,504
17,80,4152
17,81,64
17,82,296
17,83,422
17,84,19
17,85,172
17,86,124
17,87,648
17,88,410
17,89,186
17,90,391
17,92,552
17,93,421
17,94,503
17,95,86
17,96,420
17,97,750
17,98,604
17,99,159
18,1,1413
18,100,179
18,101,507
18,102,634
18,103,1593
18,104,436
18,105,322
18,106,1288
18,107,1295
18,108,582
18,109,216
18,110,299
18,111,371
18,112,711
18,113,673
18,114,451
18,115,221
18,116,771
18,117,1047
18,118,175
18,119,70
18,12,4
18,120,333
18,121,369
18,122,353
18,123,466
18,124,642
18,125,2098
18,126,1525
18,127,340
18,128,221
18,129,205
18,13,7
18,130,629
18,132,455
18,133,241
18,134,914
18,135,3438
18,136,2539
18,137,869
18,138,730
18,139,226
18,14,8
18,140,631
18,141,619
18,142,174
18,143,1424
18,144,2530
18,145,1618
18,146,920
18,147,202
18,148,60
18,149,10
18,15,17
18,150,58
18,151,635
18,152,978
18,153,1119
18,154,1843
18,155,2477
18,156,2340
18,157,447
18,158,232
18,159,12
18,16,52
18,160,5
18,161,714
18,162,1341
18,163,1501
18,164,785
18,165,78
18,166,905
18,167,459
18,168,399
18,169,129
18,170,590
18,171,29
18,172,496
18,173,522
18,174,1921
18,175,29
18,176,36
18,177,382
18,178,1049
18,179,413
18,180,336
18,182,469
18,183,394
18,184,626
18,185,92
18,186,85
18,187,233
18,188,318
18,189,257
18,190,899
18,193,254
18,194,400
18,195,381
18,196,163
18,197,449
18,198,136
18,199,683
18,2,127
18,200,505
18,204,635
18,205,293
18,206,215
18,207,386
18,208,100
18,209,216
18,210,422
18,215,417
18,216,386
18,217,886
18,218,192
18,219,107
18,22,3
18,220,158
18,225,630
18,226,1082
18,227,576
18,228,8
18,229,73
18,23,0
18,230,518
18,236,145
18,237,331
18,238,12
18,239,4
18,24,17
18,240,288
18,246,625
18,247,1430
18,248,77
18,249,74
18,25,51
18,250,2919
18,26,160
18,3,2
18,32,265
18,33,3
18,34,1
18,35,9
18,36,107
18,37,46
18,38,218
18,4,11
18,42,64
18,43,157
18,44,85
18,45,177
18,46,705
18,47,130
18,48,4340
18,5,237
18,52,103
18,53,121
18,54,448
18,55,180
18,56,296
18,57,325
18,58,723
18,59,1269
18,6,1612
18,62,30
18,63,273
18,64,371
18,65,927
18,66,825
18,67,423
18,68,829
18,72,45
18,73,295
18,74,113
18,75,170
18,76,508
18,77,366
18,78,597
18,79,503
18,80,2917
18,81,56
18,82,275
18,83,304
18,84,16
18,85,145
18,86,137
18,87,621
18,88,344
18,89,134
18,90,266
18,92,470
18,93,396
18,94,446
18,95,64
18,96,326
18,97,751
18,98,472
18,99,101
19,1,741
19,100,115
19,101,422
19,102,552
19,103,1212
19,104,281
19,105,206
19,106,1128
19,107,1013
19,108,462
19,109,151
19,110,193
19,111,373
19,112,607
19,113,551
19,114,349
19,115,160
19,116,588
19,117,1062
19,118,142
19,119,52
19,12,1
19,120,296
19,121,274
19,122,306
19,123,415
19,124,547
19,125,1914
19,126,1465
19,127,293
19,128,221
19,129,148
19,13,7
19,130,418
19,132,358
19,133,206
19,134,886
19,135,3310
19,136,2384
19,137,728
19,138,642
19,139,162
19,14,5
19,140,452
19,141,536
19,142,151
19,143,1369
19,144,2363
19,145,1372
19,146,880
19,147,140
19,148,46
19,149,8
19,15,25
19,150,38
19,151,539
19,152,802
19,153,1091
19,154,1656
19,155,2319
19,156,2373
19,157,361
19,158,191
19,159,14
19,16,40
19,160,1
19,161,604
19,162,1150
19,163,1511
19,164,665
19,165,43
19,166,743
19,167,421
19,168,251
19,169,95
19,170,505
19,171,8
19,172,397
19,173,448
19,174,1785
19,175,24
19,176,23
19,177,297
19,178,833
19,179,271
19,180,288
19,182,327
19,183,362
19,184,430
19,185,56
19,186,65
19,187,196
19,188,256
19,189,191
19,190,758
19,193,177
19,194,277
19,195,289
19,196,103
19,197,327
19,198,149
19,199,656
19,2,97
19,200,423
19,204,435
19,205,237
19,206,144
19,207,299
19,208,80
19,209,197
19,210,360
19,215,320
19,216,307
19,217,747
19,218,113
19,219,72
19,22,5
19,220,123
19,225,497
19,226,800
19,227,380
19,228,6
19,229,48
19,23,0
19,230,340
19,236,110
19,237,247
19,238,10
19,239,2
19,24,17
19,240,190
19,246,510
19,247,837
19,248,46
19,249,46
19,25,35
19,250,1686
19,26,120
19,3,3
19,32,166
19,33,0
19,34,2
19,35,4
19,36,68
19,37,39
19,38,139
19,4,10
19,42,67
19,43,81
19,44,58
19,45,95
19,46,411
19,47,87
19,48,2649
19,5,161
19,52,70
19,53,78
19,54,314
19,55,118
19,56,207
19,57,233
19,58,477
19,59,812
19,6,869
19,62,17
19,63,192
19,64,279
19,65,755
19,66,639
19,67,284
19,68,605
19,72,38
19,73,211
19,74,111
19,75,132
19,76,364
19,77,272
19,78,503
19,79,391
19,80,1873
19,81,32
19,82,225
19,83,229
19,84,15
19,85,87
19,86,128
19,87,477
19,88,297
19,89,93
19,90,162
19,92,364
19,93,313
19,94,313
19,95,39
19,96,233
19,97,564
19,98,378
19,99,97